restaurant,review
Mehfil,Best place to visit food very tasty service very kind
Mehfil,Ordered chilli chicken dry but got wet biryani was worst
Mehfil,Manager and staff are really good and friendly
Mehfil,Chicken biryani is flavorful and well cooked
Mehfil,Food is good but staff behavior is bad
Mehfil,Affordable pricing and tasty food
Mehfil,Service was quick and place is clean
Mehfil,Staff forced to give positive review which is bad
Mehfil,Good experience and polite staff
Mehfil,Not very luxurious but good for quick meal

Paradise,Biryani was really good and flavorful
Paradise,Service was slow and crowded place
Paradise,Food taste is authentic and delicious
Paradise,Waiting time is high but worth it
Paradise,Mutton biryani was good but not extraordinary
Paradise,Excellent service and good quality food
Paradise,Not very tasty and overpriced
Paradise,Chicken kebab was good but delayed service
Paradise,Great ambience and comfortable seating
Paradise,Small portions and average taste

Bawarchi,Super food quality and good service
Bawarchi,Half cooked chicken and crowded place
Bawarchi,Excellent biryani and tasty food
Bawarchi,Very bad service and no proper guidance
Bawarchi,Food was delicious and worth the price
Bawarchi,Charged extra for basic items like onion
Bawarchi,Great taste and authentic biryani
Bawarchi,Too strong flavor and not enjoyable
Bawarchi,Good quantity and affordable price
Bawarchi,Disappointing experience and poor service